4,0,11
-1.5882645059723088,-1.6406854847544954,-1.4930498494238182
1.6630875370522975,1.5093879634933756,0.3247562943581036
1.67812114141827,1.3096111120954441,0.4493394404336435
1.667064549872762,1.3848032194452122,0.6088207339922831
1.7680700778017113,1.4005201407934411,0.45737752633311357
1.6579209572241882,1.4125613005720221,0.37859794349219583
1.5314314885680722,1.421058067034082,0.3514014945865233
1.506805596884509,1.6818816990746117,0.4155021352972571
1.7414769785998176,1.6375738099509711,0.5244779652160281
1.5639053064327277,1.3769062487502792,0.5089713120447946
1.7633479627728055,1.5587061983129096,0.6427060748627514
1.5998320978811191,1.5065542053697123,0.34544530996250533
1.5332039576574605,1.534481702369234,0.6581959437881866
1.5843205293832106,1.650177574651224,0.4726072228994485
1.7017779662457466,1.3034126553428362,0.3395552717500368
1.600096262661613,1.4045928553678144,0.5560184064365739
1.7886575231821091,1.4684857028731122,0.4606296657415813
1.594889628562006,1.6103681350760037,0.47318356567182346
1.8669952205642195,1.6116225218316098,0.41848068484595236
1.6039266662639164,1.5305581969363908,0.47181712826965444
1.651042779951361,1.2868836087019102,0.4900623539350256
1.7388855336418352,1.3706624432121197,0.3259414996286543
1.8284565534324448,1.5495331867165656,0.46191165491145625
1.7140039925976633,1.6790158402940585,0.39814858845418477
1.6112796693189542,1.4325372306284763,0.4421926602375661
1.677281361607731,1.4507311593857044,0.5804842060909001
1.7806797684769728,1.5386612095813081,0.5714787686154591
1.5592903829536695,1.4761682232778408,0.397022037954201
1.6526308267417509,1.375598621299663,0.4794373357254661
1.668013102025678,1.450202376525894,0.4381940413336058
1.7897020059512674,1.4392232223591446,0.43689026609529275
1.5827009863890131,1.6729589323377736,0.3493282590729888
1.707465222991874,1.7597557169475493,0.3926019942838228
1.6886332623930922,1.5428808891985575,0.27257538622166355
1.5620847148475343,1.4854706651647376,0.5237649921028643
1.7047800000371094,1.5838522293573607,0.2500078211122702
1.6105273808343619,1.5264708111701197,0.4964419259677837
1.572406779531797,1.3874258978279748,0.5051579384830945
1.7132970909138654,1.3033476959935748,0.5267408883917819
-0.3835033941935574,-0.9761451375420143,0.45091406535847545
-0.6562077759627608,-0.9738724264179124,0.4010671359210792
-0.5077831896674838,-0.8486068319171177,0.22278816406813853
-0.46877074665299756,-0.993028091399521,0.4376269825572944
-0.4529837872882137,-1.024251832917021,0.345420333471929
-0.5037418662831221,-1.0717156700903534,0.4945168220008284
-0.4448403231441757,-0.9564246418735318,0.3607550641247091
-0.5574167705115983,-0.9627114481026087,0.44255468817112886
-0.6375362221187618,-0.9245411338486161,0.519218562311471
-0.379662790844655,-1.1093090867656217,0.5087850259156921
-0.45767609900564454,-1.042514888412442,0.41119196686233667
-0.5618923785914826,-0.7084199425780149,0.45763046249726547
-0.532751028912558,-0.9979081272581901,0.20849686206877147
-0.46595749773742146,-0.9968656147932564,0.2923557509668599
-0.3802666586766907,-1.178915224957995,0.33669077024744537
-0.4082532256719872,-0.9002789497867476,0.26892710186911917
-0.5711542137644884,-1.0718752315507518,0.4641858543868925
-0.5570499177256852,-0.9123596067623118,0.3425448816317727
-0.4629671547786524,-0.9068905992708276,0.3363392620685417
-0.3480265056725876,-0.8933608634014684,0.506115224713238
-0.5686785322247959,-0.9310967197997321,0.5071489256026525
-0.5429799093023854,-0.9365929771694589,0.309910835813001
-0.1975810525981047,-0.9233742549175193,0.24254657259035045
-0.4306229310516689,-0.9172476380695256,0.43987059191541006
-0.5687997410900058,-1.0694061822166112,0.4386543456730595
-0.41968370933203103,-1.0362552423918794,0.5115352250643241
-0.3532687255154453,-1.0363637737892646,0.24871093568654354
-0.45744227461210657,-0.9111935631832989,0.3872626791149177
-0.5487300127678428,-0.8620383972551277,0.5860196826965282
-0.42805557088939916,-1.002385214583284,0.4613484625386729
-0.48397915337465697,-0.753747580168385,0.3727176215484785
-0.6086712585219902,-1.0315103997392236,0.4408617904072855
-0.25562718780648824,-0.8881288684846176,0.4775845699525663
-0.48232174379292003,-0.83834620753897,0.5395556802563014
-0.3734227834227095,-0.8395881978676099,0.4868480159278198
-0.524796821455814,-0.7732283766045059,0.4328391172434562
-0.41825336283140624,-0.8460158610501677,0.3095732594941445
-0.5121691346048972,-0.6615834356939254,0.3954486370996526
-0.5876378546240517,-0.943714583096906,0.4278174353240094
-0.5069036652037054,-1.0103747220933683,0.35017883984271325
0.3133041714444037,1.5578197045321691,0.22205449961125728
0.6420228930492711,1.556600826215451,0.3318920579985644
0.49636331584014476,1.5799071623204268,0.4059988715706412
0.6170330788951615,1.5561168657337974,0.3124815431342872
0.4995362850738645,1.7176514421579678,0.34600937059288983
0.46728931963406445,1.499779693526627,0.37346435561312175
0.7206221757307026,1.2654180771980774,0.38084143367834977
0.5109462309443346,1.4689715231165432,0.2582382069701053
0.729048678614001,1.5700843263193733,0.4835254264839263
0.541680342596096,1.527016611049079,0.4790183682870686
0.6982528824647826,1.585846318547613,0.5647112699192705
0.6803896543952351,1.476586541013631,0.4286168053899884
0.6542530860713063,1.5365265995204722,0.4322579991440504
0.4743934894691004,1.451188031032429,0.45608737018320095
0.37196821330224633,1.5899736070257138,0.26063149439613303
0.703457750514398,1.2145091219893207,0.3922455533194792
0.7057897192007464,1.502340518535946,0.42083684404157534
0.4172643628006148,1.3437913872215337,0.3346597440899377
0.5923044467651751,1.4983761544139755,0.4622671924984148
0.5465456092428271,1.3694426135163058,0.6105260568396571
0.5687175744486885,1.2692307822097881,0.19441429151504516
0.4442074702662641,1.548155555562606,0.4435403591251901
0.740474380439893,1.5427768940139814,0.5270628580224046
0.46145195597439836,1.4701944950545234,0.4470446071387599
0.646903280636771,1.5539798077296396,0.5628358526619734
0.4496325681232496,1.8372734030338647,0.467160303585156
0.5643748671857222,1.568314029206796,0.2500465482159396
0.43599354689378994,1.5585203693541314,0.3252503134237985
0.7605838869533406,1.6198694684667325,0.27196382370429817
0.6790064031089902,1.4381210882070101,0.24229077918072164
0.7994650757051057,1.166706058924915,0.4416858917212882
0.5213067808460925,1.4977448589727829,0.6055140089789008
0.6285583749728324,1.469223090998682,0.3112270334162802
0.31492673535535093,1.4790476831499435,0.4234010710305313
0.5775783382965829,1.4043984645591385,0.3691596705946131
0.49275625948560375,1.4784955087095573,0.3418031610043622
0.5871788280073372,1.5684252611664995,0.31281728155207805
0.6135580908035085,1.3323572509171349,0.497945297572494
0.5192865979267038,1.557861419962728,0.4940591037465861
0.45446493474483063,1.5966884770660237,0.3836967051257146
0.8916722401904974,1.5326899965907377,0.42682856375079276
0.5912216414196361,1.2851187445029526,0.2945093398353432
0.481834201503701,1.544202579314862,0.46763615569649636
0.5161299807408346,1.3101513655614132,0.21774745874274015
0.8310713009877376,1.411588415706086,0.40188466294298003
0.6265259418453225,1.5551373402491186,0.4055361338552914
0.4791706482554392,1.4719452307216467,0.3698209230101697
0.6445854989735079,1.3578769777617599,0.46396926377362363
0.5180753718130453,1.3319289350761216,0.4331534063239424
0.734718402336066,1.3365905378371803,0.21850627131424777
0.5349978125122992,1.3525131051035948,0.5080979478787511
0.6481115027177055,1.5307823695217748,0.4441641743135927
0.7590557659104539,1.4930754173804714,0.2850532572021852
0.42041795544142435,1.4700226190887105,0.3931962752876702
0.5107980816541862,1.4287209347027272,0.5284249451771458
0.6100281112188114,1.5068323920085789,0.24920550630723426
0.5466523627733576,1.4340962509442046,0.4656330769507163
0.5603826119575431,1.6429333881368566,0.30213527885962704
0.46015341496285694,1.4773673060983172,0.4960277037072058
0.4864929468523748,1.4484262585620695,0.4330313069842211
0.6303184332240818,1.621012299763794,0.5430587560283796
0.5472365314360657,1.5678798200350936,0.39367844888504305
0.7386914864157851,1.3705898930912401,0.39756656697628395
0.6588799396088296,1.4729707630460098,0.3347162026342762
0.6973323481599303,1.4753352675559952,0.4671873618290131
0.6076302291044335,1.4677200805964141,0.34015143223712513
0.7530801365086182,1.4854865308762988,0.5889837958952648
0.6071365729114203,1.4332597057418799,0.4338365078890459
0.6851412508173182,1.3549387031081885,0.34933750699562804
0.35757398837347837,1.421356722262731,0.5178685142720328
0.6383424337066096,1.5579812334162784,0.41460839721862414
0.45823767883761535,1.497186938218758,0.41015447226764623
0.3625990260656885,1.507897365296693,0.3940785634775018
0.7245265727843263,1.558148987549119,0.48327468417118824
0.6249488350639755,1.6183436808222578,0.3507128965854737
0.7179904606186479,1.3885236421622562,0.37332101796938055
0.586450482861561,1.4510053308567938,0.37779187580162166
0.36872450435549603,1.5411521647526174,0.33052956169042863
0.5667402551897823,1.5401556792383544,0.4767135758451349
0.6512494748273081,1.6866431060175633,0.5005220705574528
-0.8243636628068107,-0.9042094737629793,-1.0628142958778712
-1.0024126752848448,-0.822331782355397,-0.9787597720294513
-0.8875886116750626,-0.9535300205365064,-1.0132795104648864
-1.0953969131431818,-0.8992630433415522,-1.0636870487090417
-0.886285234370863,-0.8703399344029021,-1.0392212876002487
-0.9086760365966853,-0.7373771287858166,-1.0184669643581041
-1.0620066173488374,-0.9823427545761807,-0.9799733472110196
-1.0863521782795436,-0.8659706779147958,-1.016228599667585
-1.0205640510993172,-0.9218626345950216,-1.157373321653941
-0.9502721727198983,-0.8868243154244422,-1.092249076567946
-1.0067703713260914,-0.985006068086201,-1.0249079044092766
-1.0231678066299894,-0.8578660113284589,-1.0471990598114571
-0.9835056626273119,-0.7522339180004172,-1.090052537466483
-0.9271653675002092,-1.0086589400455621,-0.9251194520088991
-1.0585803546811816,-0.698767780305685,-0.884218495109955
-0.9509007443847152,-0.7545100373891004,-1.0245977229495955
-1.090645420702593,-1.0855994574165653,-0.9544144289495864
-1.2340999420482375,-0.793998511819586,-0.7938673286758321
-0.8593518268325184,-1.2028517081105785,-1.003506396153137
-1.1054101624342392,-0.9579544660439502,-1.0136956172030878
-1.1278260207012163,-0.995833672640231,-1.0933331775523016
-0.9973032420757809,-0.920186980989478,-0.9763804806903611
-0.7181302052541123,-1.0439592558611932,-0.955544695562649
-1.0412922773114046,-1.0592052041074185,-1.1685780223303417
-1.081764232694002,-0.8308748280888623,-0.9301705877686706
-0.9535875193155487,-1.0456010587083497,-0.9121074929812446
-1.0051609782587059,-0.858016929574083,-1.1364469363087046
-0.9377658963490706,-1.0181531122112406,-1.0551226816299648
-1.0155962755633665,-0.9482494604501581,-1.176608946736556
-1.105600532565482,-0.8569936321199988,-0.9250010966879864
-1.1194001739714146,-1.1153820902609461,-1.0499260794759284
-0.9552621582082337,-1.0533105122943927,-0.9353610858818139
-0.8456838080557704,-0.9632363990374458,-1.0628826527149735
-1.179372611410734,-0.9953164784010373,-1.0878908178066227
-0.9539557828320047,-0.9653177488674805,-0.9072113679984964
-1.0729493956100395,-0.9232855818829221,-0.9488224595256276
-0.9947732140911868,-0.9577500442685231,-1.0338770411843201
-0.9822319919407542,-1.0034219780603912,-1.0595050089612053
-0.8701940810442418,-0.9562768503412251,-1.1950072587221898
-1.0643701718452439,-0.9521291649136356,-1.089798271896439
-0.34565887545335927,0.7337952526301971,1.8413594473492783
-0.4827220064081632,0.7298425850654272,1.698429213360565
-0.36065287516590233,0.8434882041742011,1.8911343656618835
-0.6813658232173793,0.969955671268762,1.885540451356431
-0.5065004630253327,0.8564645405533522,1.8323189163627558
-0.6327018519351133,1.036481005125702,1.622324493252315
-0.37696333909276114,0.6173220704260394,1.8403725428706812
-0.33038123858234175,0.6860725464863379,1.6494794708208553
-0.3852892090101866,0.9113043793832932,1.6848942802849722
-0.569981706309271,0.8359682010011066,1.8287008835528196
-0.16467293968077712,0.698247973230741,1.8980749739349196
-0.29412181628112755,0.8329963029271868,2.032250161482592
-0.49427861448778476,0.8771570401531188,1.8556135925987465
-0.3963212083035851,0.7959879473686757,1.75141424402479
-0.5280709452372424,0.8363612295984468,1.699894254742602
-0.38278366083890375,0.8365577210002589,1.7346209337209773
-0.5073260056794007,0.7847129510584274,1.9169451187581097
-0.3190805575361033,0.8779605979782604,1.8997964122388773
-0.34514118477956485,0.8453088027055872,1.818569641416441
-0.3760291178952827,0.9020237549630006,1.7489358687482113
-0.3501024807404287,0.9027206601237308,1.8604959129207204
-0.37715000694198747,0.9608445425811452,1.9576323890749123
-0.29757269454085405,0.7893482846446966,1.8695796490985321
-0.5235403678785384,0.6905712665176353,1.858134376162871
-0.4806850623629604,0.8538618748747504,1.7745104171887036
-0.4564707938866261,0.8853381863184341,1.8599453732003477
-0.5844726050725138,0.8238949957182244,1.7825727071141033
-0.5212979034920502,0.6468323140943761,1.9239365925212635
-0.4598509441088742,0.5780150442069849,1.9008595229403358
-0.6250662613412231,0.7614284612524822,1.8319400385561546
-0.35713556889633574,0.8941764877892492,1.7780343955709073
-0.4870527895403827,0.6542755513533532,1.7176466741535028
-0.6332454979061937,0.826623634931582,1.8819053330672089
-0.5316152490232267,1.0588708476031998,1.8099409263938082
-0.5306882318082065,0.7811568828798783,1.9422801719617955
-0.33743678849141506,0.8439021835821148,1.8090510435159088
-0.44445406668911475,0.9391451386354873,1.9128072185455451
-0.685961906839406,0.9288413365848357,1.9155809444368035
-0.5939427425000604,0.8201398189444765,2.152684690405202
-0.3556147252352676,0.7874215514822223,1.9368696424848653
-0.43814058787379884,1.1206577492267409,1.9093915854009138
-0.37028681886005166,0.7029026815547308,1.8281891141424103
-0.5895145244218776,0.7831108469837511,2.0723702457842905
-0.47245879296548926,1.0477749529244664,1.9826106914121626
-0.40445758785571123,0.8742798921261071,1.8221477509207555
-0.49333465358328904,0.7848193491326851,1.7953392585328918
-0.40363328423583134,0.9249991887462906,1.9988964962453022
-0.5713769763457204,0.5827786303553929,1.6310699375734126
-0.48156754812706787,0.95234002721283,1.8396958334581288
-0.46372953204164474,0.9977831379984741,1.7661152177482584
-0.47986845832005903,0.7862261770260238,2.078050651081476
-0.5419460596736436,1.1854241440901274,1.8893640021529434
-0.4342172924894038,0.8081319640828779,1.8158968150543449
-0.505966954508738,0.7888780342806216,1.8509947698531188
-0.5336125164961842,0.8229016808073681,1.96353821611481
-0.47698042913603533,0.7852199420284055,1.9209977951099118
-0.5580707291698194,0.832072905080286,1.886678952448992
-0.41526851673641685,1.0103334537194195,1.8960386893230672
-0.4496571367113522,0.927800937254531,1.8441687782894636
-0.3225635537236798,0.8919834572721866,1.7143802925469254
-0.4123446597890662,0.9500419300153002,2.0114041450771607
-0.44465783327622926,0.7110324120700224,1.8173017636036564
-0.3681767794035552,0.8321477236607452,1.7834561464642626
-0.6281242914169441,0.7519225756831545,1.7924039876973517
-0.38350722839853046,1.0429142545877967,1.9206377647717159
-0.44924330342580265,0.7640833293872051,1.9099265620490213
-0.3958160052761311,0.7709397966219034,1.8044061751133704
-0.43525880495302216,0.8879393205991151,1.9296490980147987
-0.2237594650360813,0.9171123248477374,1.753534307664983
-0.5627566351123291,0.8370127828145513,1.8493474117708304
-0.4290386767841826,0.9275772426710012,1.867401048738183
-0.397021755510277,0.8651134049248608,1.7065687915501744
-0.27249061932571245,0.8872443469958655,1.7836617368055636
-0.6058389111732648,0.7629673952349023,1.847774418143784
-0.4774782234521175,0.895986492444741,1.820988636646888
-0.4540933140488555,0.7780382254680441,1.7128415174215497
-0.35240727216308604,0.9751014296211095,2.014947063159012
-0.5014540614515086,0.7421983259579944,1.8387467382505334
-0.38522240991901213,0.9235571081586849,1.874943434449178
-0.4428583411575413,0.5889608758025398,2.0000348183668724
1.0815578760365652,0.26519099883878694,0.9514502219515316
1.1862016111615459,0.4710650959191973,0.8660747643532742
1.0281334167999994,-0.14361613486255764,0.7149218844778373
1.2226278636413603,0.23899917396759904,0.9014143716851537
1.1366693556820162,0.5228432711395926,0.7935718835638405
1.3636035024760231,0.08886397228436951,0.8601342817506638
1.2320841035769385,0.09126434422803295,0.9355118915617222
1.1741087923638396,0.202935404029119,1.0085689610478843
1.105629247329473,0.5297024087301134,1.0398976279091232
1.335943795354568,0.3781224753084044,0.9362324151402726
1.1283788961845416,0.22148307527544606,0.9219510886828745
1.1043371421634365,0.38953527795002807,0.8715346240033625
1.1380879995665434,0.29593243160584265,0.8890713993266962
1.27986421993221,0.26465783312899077,0.887192021110175
1.0910748531193077,0.421118314141372,0.8924485129523049
1.0670184310433317,0.310728230492536,1.1159669667549392
1.2133887417983482,0.22119910032346218,0.968472060871144
1.1615106816392655,0.28057333301207416,0.9413893280764496
1.0614426000802595,0.23567223210898838,0.8754111355750434
1.09295980673458,0.3219252633067459,0.9412918713360614
0.9469848014166173,0.33506707027488875,0.8423578616467907
1.0580028611732848,0.3819360464327331,0.9444499067815748
1.2729912874812133,0.08298292333853528,0.9302194795341543
1.2427676489117252,0.2346008850823298,0.8926829255555652
1.0726804295538102,0.18428830594680898,1.0039366419606797
1.258349040310808,0.29089800030058993,0.8720516819968365
1.1483618901656667,0.3124223132118857,0.9020794993148008
1.0403672299926068,0.25712271993976854,1.0180107955944382
1.0013723142927926,0.14713457834381505,0.8173000356538643
1.0596319623955595,0.30608270794812215,0.7666795798535754
1.2907659044226516,0.37830824141685987,0.8795981766535252
0.9840012972308387,0.4174965211465615,0.9061794890150937
1.0865154453962798,0.44668845054202716,0.9224288338940436
0.9812475823010453,0.20168771604129604,0.8220159910656443
1.1120720991127628,0.33909082348312664,0.945542639522176
1.0512397465452015,0.3244166691631765,0.8593696600344835
1.2369069239125434,0.47622460639628106,0.7794068144627999
1.1654136163573947,0.6140406458256127,0.9935444188710538
1.2231509279719417,0.191507830875464,0.9648132452242807
1.0450694445388335,0.21580888860974418,0.8787211227846238
1.1639204273420805,0.20336889220379203,0.9286916459022551
1.127242197194061,0.4885522017962955,0.9703789979993942
1.1425555922793444,0.1249447090686902,0.8672708088562723
0.9140046242905928,0.29979862557428255,0.9075305280865119
1.1932248611268845,0.2538244445520445,1.0275525716201863
1.0383603001867039,0.2556194296224084,0.8676863268940153
0.9116429468343883,0.26913787395259614,0.7492942466709785
1.143947708652888,0.43062545937246755,0.6858708388680715
1.240233825179519,0.2592853375150924,0.9196844538076008
1.3076198330088744,0.3624317357194685,0.8184384567413099
1.0137649730470681,0.21117904766409162,1.0963007554558706
0.9622893900538176,0.2881945515826589,1.064194128728346
1.268392871995781,0.29151037399249047,0.909656036076766
1.0383320304857655,0.46873779342505173,0.6839573631097969
1.0526779372531996,0.049267890172206855,0.7528736339938907
1.1462308849391998,0.3652897320659847,0.7889166618228377
1.1967232945954929,0.34147470856474565,0.7742815371316467
0.9243029345298804,0.0055585714869327615,1.0195882535067629
0.9320166804007172,0.30529979719983813,0.9250528173551399
1.1984133005059647,0.26289093388566953,0.9598502648525209
1.0733686474275042,0.22423942740938013,0.8544164913780969
0.9742834794293246,0.2307896561410172,0.9011864422262255
0.8856508830607392,-0.0258459055691583,0.9028949792952892
1.0833339864660823,0.12010775726379694,0.8124245631639636
1.206360157838614,0.18855725110893526,0.8908501475242445
0.9265139116298622,0.2731233626255173,0.8068555283570269
1.023662411606214,0.4249076217860271,0.8307319976454749
1.2114462200342448,0.07489491960889866,0.7452544342211319
1.1378065423243877,0.22613825514665586,0.9831260613779035
1.0920400173846871,0.2607277799526547,0.8953367988853197
1.0155251465461008,0.23104181869664625,0.5973495873114052
1.0553390304408372,0.3471141317224559,1.0352119672481186
0.946326107764107,0.17644552310978806,0.9015463345083766
1.1573970975453218,0.18850740758236467,0.7882140735982368
1.039286158428379,0.329753443282596,0.9507895867013462
1.0861000443413402,0.4361741522720713,1.0458776240251604
1.2302989250537122,0.2950063054988425,1.1233307192573114
0.9510006598593865,0.3416006260668402,0.7924456071033367
1.2494076707658774,0.45933527969292187,0.806200672337582
0.9945912419693387,0.1560126573305864,0.9075838497743532
1.276707500236399,0.34526220369168026,0.9590330101636506
1.031956546958575,0.09350724093386045,0.9350067507043245
1.2016471305936824,0.11527424706943293,0.7856619356982544
0.9779130085298126,0.14769572138691942,0.6745512514909755
1.1446919522258563,0.2627580504065494,0.9307868149114431
1.2404907442291346,0.21083164143488253,0.9116767257348555
1.1804087224084838,0.23754786307355832,0.8731816373272028
1.2003727522360421,-0.0021187587091599878,1.0496028552937045
1.2322726561538564,0.3157858219873254,0.8500238970258653
1.018229268966552,0.2272130846372261,0.8341631944136692
1.03318098357528,0.253330052369434,1.003094962541818
1.0246981733074103,0.27980462057264954,0.9667818666965984
0.9969592865967044,0.2847481130229659,0.9062910508997248
1.0439170910127016,0.10738348938126391,0.9249073668628697
1.0586960488771333,0.1326933766555843,0.9518808193358008
1.3219530668641342,0.13999193874620866,0.8442849184395751
1.2372786544054477,0.2545141054159185,0.9398431947236865
1.1011086939125165,0.12656191507310358,1.018159108262955
1.0255098983686086,0.17046667537763568,0.9735670064383632
0.955523524840679,0.28287262601602997,0.9950367982285687
1.1299509490678272,0.11237871199371728,1.0395762746166515
1.0830842800236398,0.32184956883812954,0.954785796584481
1.0790283171806583,0.176425132489064,1.0439605144352702
1.1113705090258914,0.34142073294294606,0.8062216660031082
1.1695509069224037,0.12428134165301259,0.9569586199502231
0.9437280161617361,0.16525134796227034,0.9343389543625794
1.0861743386070568,0.10946064181466654,0.8986337558559392
1.1771229036734903,0.17379559044632537,0.755884801015481
1.1080707956372815,0.12834175062963443,0.8543739099672912
1.166549191745141,0.3390718748828336,0.9103642724333421
1.1108490552364791,0.254902754974643,0.7859912234570955
1.2907868234162023,0.36691756514417667,0.7605248322011186
1.1969181063251253,0.37149837378356093,0.8945771524495056
1.227778480187837,0.1022897476695011,0.9665253389755821
1.0633118975895626,0.35301342873239006,0.9131571030484057
1.1263544926807263,0.21612254482228196,0.7584409451183407
1.3255940816870373,0.26734216770295627,1.0578390075713957
1.0411475427076897,0.39316739817830876,0.7701914146948314
1.07539672138238,0.3198843829998212,0.736499168057343
1.013568024927752,0.23986747543580197,0.8292077653907399
1.0480761881310556,0.29948512647489084,0.924847176170005
1.3644471854358466,0.3260009214968034,0.653987826078165
1.0446368023990757,0.23574227884152618,0.8587809400842671
1.2326743154722053,0.41427438824369833,0.8659678884736587
1.171419597845768,0.36480557798153956,0.9386914779592992
1.1017806774639813,0.16624009872020484,0.8897249153346338
1.2527747331488264,0.45400720563044217,0.9588209543464057
1.2995921863581466,0.30735629398738307,0.8188317404281508
0.9744658269254817,0.11222825920055599,0.9983691149549282
1.1249717825012375,-0.20241121986605765,0.9978135789735874
1.0096915118513838,0.32959870087854504,0.8933319304351118
1.0112687455978842,0.3993975055739436,0.8717297476633195
1.0603255304887778,0.28028800648975,0.8585963636394465
1.1804640165999678,0.324343876650232,0.9478504690318917
1.2173102778217932,0.35289264421869715,0.7847351559290252
1.3034744395553985,0.29852627660294123,0.8702600218956221
1.133857151099218,0.1779332563847592,0.6565070839875534
1.1256649683076785,0.1566521952005438,0.9876867631978518
1.1704846502679314,0.3800067538981024,0.7818603797640009
1.1029747468339257,0.33185846523126483,0.8211731028643329
1.242039781218275,0.3136095532269881,0.9416719142431004
1.235998815033228,0.08159933717161817,0.8812946753632348
1.2045272410285397,0.22954420343809923,0.947116397914497
1.0229815330130383,0.3117714135112664,0.7705971912092868
1.0675760918397053,0.12799188467887385,1.1660329857035208
1.0096270737674213,0.17526670380637185,0.7946395731474247
1.1489923673520104,0.24373973148369768,0.8081827933542818
1.2254959413427005,0.18516534523173603,1.0220384400891598
1.0047578788125933,0.4274835669294857,0.915207439868844
1.199660404812079,0.16094211172535272,0.8973254559737286
1.1025889565886966,0.35674536532237333,0.7488840489951574
1.1137035070728754,0.445599252421895,0.8428060573194595
1.0480976878628985,0.38521016252850526,0.9414623686338427
0.9766120899120488,0.1848088101857537,0.92407893886056
1.114965424773658,0.10291471013598207,0.963411261244764
1.0466118185197129,0.15858080813011863,0.7807572672273504
1.2204532975043314,0.19153969547163396,1.1355465229584616
0.973006589538068,0.19521215121127425,0.8045542236446921
1.2868818572589347,0.2221867350150841,0.7860255827118652
1.1375846563526575,-0.04902027270010393,0.9650626950482278
0.8279223067504774,0.27147659734534313,0.9042878116355825
0.9454394852783536,0.1659253947812908,0.9535969755765098
1.105791391388343,0.3707945170310771,0.8196035246467404
1.1289176123359304,0.26054334573822735,0.8165761621340992
1.0809741044664405,0.45253774427617516,0.7783654782886088
1.0733097150785111,0.1390904063533593,0.9702315278747307
1.0212870198173987,0.40936095147995455,1.031973279553301
1.14825217758893,0.2798265622044045,0.997616179199149
0.9485209733420485,0.3181429621899132,0.8247177987390364
1.1799863370537995,0.284972397660902,0.9821934699696278
1.205036834684499,0.2252438766381898,0.814356468719946
1.0552055254367172,0.15878373367908064,0.984760075724044
1.3706470036620553,0.36096925461922386,0.7730235823091399
1.4737895359598203,0.049704615709994335,0.9190987475006186
0.8406516425130032,0.02919233082086256,0.9458720311085494
1.1622592650381123,0.20683119078108056,0.8379133229266699
0.9937969511232572,0.2611362166564354,0.9060864515674151
1.2924931444731897,0.2773475429270237,1.018384749078661
1.3533851291597028,0.3461934606035467,1.0336577946087278
1.139826581516586,0.23708451454227633,0.8906893351421757
1.3256383177665152,0.28574482510825655,0.935284954801659
1.0724642835916673,0.5151975134253127,0.8744265024054539
1.1751065648119488,0.3211891621237607,0.9252056990212235
1.0498433973137664,0.4193684068220566,0.9663712008888742
1.192761351427129,0.3686296971852884,0.8450017697657132
1.2490880894938496,0.1411241060079987,0.9228817723292966
1.1960733335404323,0.4487320162563323,0.7510496014436467
1.0274454694981745,0.12574012534389503,0.8542927007893603
1.294238071754481,0.08223790641884265,0.9270893881560219
1.0103769740898814,0.380589528432271,1.1147439597563975
1.1588851351428446,0.2710563063193056,0.9343183217186197
0.9680930102984417,0.3658567196365112,0.9450456081802359
1.1340377407559752,0.47937971452879213,0.796134971423611
1.182003026870897,0.30060473626649137,0.923383671173917
1.1719224653470812,0.42697267127589394,0.8107617040124467
1.1349998912038972,0.26859300128165897,0.8475453237759747
1.0637167971731056,0.24084139188767573,0.9300463863843683
1.2698404422435245,0.21250395398274763,0.9034391250136574
1.1560947293152948,0.14395286894057643,0.9796694953761496
1.086768590188537,0.1658243917246289,0.8431157702818438
1.0175853072040961,0.5752604473130094,0.9565796679705266
1.214595856688217,0.2970768316810926,0.9355618159576908
1.1196039957850539,0.30886628897549173,0.8252556149214028
1.3548613219930727,0.43366924908021964,1.1371409399504615
1.0611434226533782,0.15194131758484422,0.858993298407546
1.0478957979337897,0.18083348652921966,0.8849022293371426
1.0705554915484432,0.31949981541320494,0.7941872548609096
1.0614751109833804,0.21938863223034022,0.9092354355835739
1.0463724207492255,0.13833565865988476,0.8666013188126609
1.245749352129717,-0.0790453644591059,0.8618296913273583
1.061848800674805,0.47530680806890835,0.7967535750665736
0.9569769796782129,0.26599185498240674,0.9653949280119669
1.0591697958150472,0.38290825244189514,0.9064637500978167
1.1592375291777683,0.2238529957544765,0.7682150247665337
1.0836063574454382,0.27314759331097505,0.8818778004130149
0.9728883999031889,0.24646071610352868,0.8579644986340431
1.2647078691170297,0.3809290549819972,0.8482558597444464
1.0632919620515704,0.24336404840671366,0.9041814516381331
1.0655821747423393,0.3169371758621222,0.8917025307502521
1.035258137117813,0.1060163188749504,0.8719968294421409
1.1193242499201999,0.2505182362915042,0.8162962802115349
1.0298585820225503,0.3039145379758927,0.921123171791085
1.2822943020043742,0.3163437654696625,0.8512616560907394
1.1266688169483827,0.35859815889851343,0.9534306623695606
1.3591399118817757,0.40039291896587403,1.0041290503212448
1.1787384800269098,0.1027301771026714,0.9465803508021305
1.2115196308339826,0.2399027794352363,0.925162354105342
1.2593192900879349,0.12624371860783618,0.8314518718327988
1.218645638091293,0.21409059535637537,0.9910933156161846
1.2338385055570698,0.2318684822612619,0.7996865733492591
0.9997090368077916,0.4583908312455426,0.8838770771307435
1.2333734464264667,0.4822157476343595,1.0155834508653454
1.0300277396935533,0.2219254987766177,0.8656006597850867
1.160688612275896,0.3789256081498157,0.8932180803821222
1.1152260681203456,0.1862806540763753,0.8557776323302914
1.1641013981183084,0.20709033143473554,0.767703970413193
1.1082855784604184,0.2347095133167811,0.9527501653410374
1.1660634309296616,0.3560138684725368,0.8551777165674207
0.9918600606470938,0.20544572581712983,0.7526305897995222
1.1892136945739151,0.19449284667643077,0.8779126556768707
1.2215850491097189,0.331416036182426,0.7940127581315324
1.2096853931897207,0.33929277209969183,0.7537258029795156
1.0259604630528785,0.3004984669609449,0.820011465760848
1.1305961330993888,0.25266534889391823,0.8393511532673148
1.1384792699445856,0.11538043612947094,0.9636999058527426
1.1742553143952117,0.13546788559561615,1.0887782289568568
1.141764979220591,0.3636207366604295,0.889454841012506
1.3725258819260384,0.2044759378564264,0.9765331963483553
0.9942681154848136,0.20727776305982665,0.9680242537022166
1.0114881443428978,0.15284674778218663,0.9702445507002849
1.2055309975589026,0.21665272187954754,0.8716531297587626
1.1239534978662544,0.20167959684521855,0.993753922355809
1.0813995663106402,0.06466828063779359,0.9484880394252857
1.2097564105779222,0.36333003112334983,0.9357001299331857
1.2245892304145571,0.1503670043504775,0.7837336500521923
1.1327375250526521,0.44769614873658387,0.963436621960702
1.1137584018335511,0.1648070920588686,0.9026709123518534
1.1186354148571527,0.3662016246346526,0.8495528211240405
1.2138617554347135,0.1397572134458916,0.8942265475014108
1.2724669050045831,0.28953087411374095,0.8363425383608084
1.2685532011151521,0.3989457988747239,0.965334655824381
1.3523619423853277,0.30567864017255164,1.0348036043141509
1.163693633007726,0.23309289952978626,0.9771857579863785
1.195679300072273,0.388854418085868,0.8751477746530804
1.1239479240649952,0.23484801812836248,0.8585905625342456
1.1662808133693534,0.21685478145405368,1.0811266408589644
1.2764312581455655,0.13640245482729807,0.7925249280362852
1.1417087367215333,0.04508885482754616,0.8796958230048436
1.0662092509718084,0.4849079497466333,0.8229555257861376
1.0904057050174056,0.28058510951450727,0.8280626511356908
1.0254403929234552,0.2656390722401029,0.9908868473780507
1.1086993337741988,0.25994838121080543,0.7602225474581585
1.039756309661871,0.32074827914819126,1.069032706021475
1.0202740223996367,0.3952983121111326,0.7580693370864259
1.033291350619531,0.2658675018473478,0.9699532021889627
0.9419381727341635,0.3160858676726969,0.9704077308316789
1.1526188055940876,0.45869361806704445,0.7278734617521528
1.0394121302428685,0.24912784506735178,0.8528693031691689
1.2191899903943573,0.3504967004194798,1.0044653782225184
1.0831977033058837,0.26772510654841664,0.7515542693319583
1.1743984552563274,0.020858700511604936,1.01702463893192
1.090904416087214,0.2724268889914998,1.1416942648247808
1.1771757658673028,0.2733262953303085,0.9895648538509565
1.3126228788994683,0.27655109705764674,0.9561875266400401
1.1554313217759826,0.42435316328510747,0.9788015620455122
1.2637126786720763,0.14194254715736168,0.8851814991261489
1.1268595239975499,0.2850907340522831,0.8844598734274162
0.9918689611429207,0.2821452762217242,0.9581129236998699
1.0611596202849929,0.35029603293328215,0.9622581938573153
1.2333851941642158,0.37057876863167855,0.7367408010587259
1.0475026758920538,0.32472277499785224,0.9496624383278488
1.2702058018618492,-0.007428858171345554,0.9322600681794453
1.069586574510462,0.3429294083864242,1.1167497900091494
1.276364385788012,0.2614428709275343,0.9989698023395985
1.122217861506294,0.3056133791951154,0.968663386424444
1.0214910622914104,0.2551299814338734,1.0385709982786704
1.1536728485415888,0.5396231493576826,0.7906661054832775
1.1840094572902558,0.2352516956839723,0.8198862701891124
1.0729580824943659,0.2473048846137813,0.8513133245272818
1.2724487566288785,0.30680990663524893,0.981550916004069
1.0869234437934125,0.10393672208468151,0.8757099670444191
1.071184039679895,0.3004365634701035,0.8302144001373494
0.9944843319383598,0.32865183411670595,0.9742972961172078
1.0365537186253342,0.1136615448425175,0.8614536788147253
1.1452037888420186,0.3733729848739979,0.7817910365106676
1.085003730381877,0.3767567165764953,0.9097617904293654
1.2248367797323299,0.24104857084488943,0.8974763880040298
1.07771238558019,0.29018473172049963,0.8375247671783573
0.994535038636309,0.07691184535823228,0.9718190195947832
1.1874549024531265,0.24655893922009053,0.8728133063664398
1.1344918162922355,0.44329063798540974,0.8992424730596292
1.034308277181573,0.09023206858683439,0.8477750304802869
1.2694618488121752,0.24144558599501562,0.8977746933914031
1.074667454115476,0.2532155813212799,0.8302081466140976
1.0013628079619434,0.09909198352635434,0.937635803903585
1.1315981630896297,0.49969920351543906,0.8110373922765512
1.1014137322470554,0.3190030434463915,0.8963188586693791
1.1711449587086982,0.024698998225527232,1.080805087410354
1.2853756815508937,0.16748666131408052,0.9353850627132069
1.1750890443416813,0.16789552686078538,1.0144717591271541
1.1126625436072766,2.6646248498841154,0.21104978144242864
1.18509821455503,2.959723084204311,0.5482345880870705
1.1112295225942395,2.7082219718532103,0.5145530490182381
1.2664644150637463,2.8853797254671774,0.270714036622342
1.1976449408870213,2.700418776364461,0.4000730184682718
1.2268431812993414,2.6484673580697486,0.5611573017352571
1.1088775584406592,2.6135170207787226,0.4413582712268328
1.0991569347631325,2.55481483055199,0.3838971688742763
1.122240882026053,2.7604914740920785,0.3965913786527848
0.9802407309323397,2.622882517318499,0.32499336410258306
1.137958396282357,2.846927499780886,0.5230273906210916
1.2392864459046333,2.806230447154221,0.5600284826379719
0.9747516916247133,2.9186781818514707,0.4773071831936461
1.2434670176170828,2.6203982883416463,0.38603145248816306
1.1864964744031101,2.7600506737238573,0.4065023091991537
1.1734496667015546,2.892454577879869,0.29796731420683753
0.9454301584267858,2.7743022159038166,0.5121834521924363
1.179013959216635,2.580796750665513,0.44072741939681986
1.1548255422852045,2.767307342839921,0.3893704000179945
1.067689042167674,2.7054528173412007,0.43289798016634373
1.1876534816884616,2.7046647261659262,0.40454011400654394
1.2117756713217238,2.8245831237828933,0.46765108418775664
1.1284223143512093,2.4492620086348564,0.4288715826967504
1.204435066369788,2.4134531310638296,0.3302547244724438
1.0700607741707764,2.7502985318617,0.31684472435078664
1.0145430806340878,2.8315329822235142,0.4071711264597895
1.0974953591328231,2.732873622924496,0.4808687232549375
1.1813430408909158,2.6537175519903276,0.5375847763318473
1.187300018895684,2.8236043569054985,0.2824237448657779
1.0990078078728132,2.8680239692268583,0.19124117204654095
1.1870690318448567,2.8227266837646723,0.5730310042379066
0.927643244993678,2.8624957034199063,0.6170673431750644
1.3148347859929992,2.737512205881049,0.31356049378197554
1.3038353791050596,2.524751822369737,0.32495909528310224
1.263160328793879,2.701581387988029,0.2953905610295783
1.00875110611293,2.8991891937526195,0.4640690359777949
1.0224669783094342,2.7894799496324465,0.2970998191567545
1.0681718141911523,2.770950869069422,0.5536248167932153
1.0546951341640265,2.6996569249527784,0.5519334162685096
1.1381424493856633,2.627340281942905,0.4272163381681737
1.017652176408836,0.19604132097164445,-0.5435061708897535
1.3143035036705426,0.15452395107677666,-0.555000582065469
1.0974870689669605,0.11553835043027755,-0.45678782366899573
0.8893313555721469,0.3883057715087509,-0.5354166311386273
1.1749739008392575,0.26507522749705337,-0.5037032372739149
1.305151347841097,0.28538852257381164,-0.7657915724532106
1.017415283875338,0.2626776339094041,-0.5258431860374511
1.0738430512655854,0.22710654907597463,-0.6712725521358711
1.0721526782028548,0.25964984352776294,-0.6040047671028868
1.0076050417830202,0.22239882398132088,-0.47537019240443595
1.0910434917457956,0.20606859501775807,-0.734126781085849
1.241177019379543,0.23235689624142536,-0.6078991323392545
1.1950516046008284,0.1506290341610019,-0.5732192872054425
1.1279664998924261,0.23108560599455866,-0.4627339848371216
0.9375083811342265,0.07868564978001948,-0.5059562277784794
0.9224418283108238,0.3372303744943364,-0.4664202131311023
1.284649677361622,0.41285302081201974,-0.5024638839150567
1.269058767938596,0.22450016007111978,-0.39930562017140325
1.1920245889975125,0.06433407900223023,-0.5134183697732828
1.1251440753860906,0.3030936492160067,-0.6016355915383805
1.0930270917416367,0.15920964505979593,-0.5883140692107394
1.026192851232923,0.26115448954909454,-0.5912586257299345
1.2621369791230044,0.18989574363588135,-0.5608493944592797
1.0218741227924288,0.32005772649123365,-0.4979662285806979
1.1671627778867113,0.32178222837256165,-0.605951796534426
1.110610939367557,0.6412273149235279,-0.4690696046618825
1.197147824871847,0.38293135916785315,-0.5802116905665313
1.158376620820965,0.515976556617476,-0.464227385660033
1.107512617145975,0.4191757071237937,-0.5163035067160202
1.0728027067302546,0.2212865831454715,-0.46197217182095696
0.9265031915370592,0.19210150554730882,-0.5113122741174868
1.3231775351632526,0.19436210377445354,-0.37860783140473603
0.918331347786584,0.15203442250114663,-0.5171446861109377
1.2045450493480785,0.3082439776507084,-0.3981523040557258
0.9787436451587126,0.38824596080033447,-0.6275727619026759
1.1715384696816944,0.4008620670275538,-0.5528116837037945
0.9596247443625968,0.47109895905831933,-0.5810526629766236
1.06972993891578,0.3327166371728241,-0.5641775169815523
1.0686779877508878,0.21004886753545296,-0.3618749345125914
1.2651629308130743,0.54497495825705,-0.4742391465780482
-1.1319361763724591,-0.8917819791273554,-1.012800564080483
-1.056496081223403,-0.9432839042173597,-1.073891636591293
-1.137499285357542,-0.7480528723103543,-0.9914749897362766
-0.898242465756176,-0.9158526276452804,-1.0246072314337766
-0.9958505618405241,-0.8900616437237352,-1.0660523176982402
-1.034471724807338,-1.0675032137619924,-1.0277711947486914
-0.9524834535862551,-1.174731439959775,-0.951982912231458
-0.8400890327428381,-0.9482809470401892,-0.9856742951286382
-0.8982443761753095,-0.9868517232461049,-0.9977039693224423
-1.1385918815059726,-0.9462979260964637,-0.9270547371948288
-0.9244675334175642,-0.9947270619756828,-0.9496558302574292
-0.979436956556454,-0.7276370466461288,-0.9712131474918259
-0.9822759993364467,-0.9582189930805128,-0.9636950821203277
-0.9548282439632355,-0.9568768972060552,-0.9032212446607123
-1.0102703113093436,-0.9319557413837648,-1.1074194539381077
-0.8863631498828972,-1.021138119341936,-1.009254486814405
-0.9280416819978171,-0.8765421031996108,-0.968207450511259
-1.0647246298530455,-1.112960648707356,-1.1278932628170713
-0.8139286072426802,-0.7823443999129592,-1.065961820202419
-0.8712347971387793,-0.9218943158146411,-0.971376464874663
-0.9156178836434735,-1.0710935955013772,-1.0258203693980015
-0.9155651918841172,-0.9864061829589909,-1.0691310000549874
-1.0120924474306079,-0.8267979827632954,-1.0650644854911773
-0.9230727637960338,-1.0994823606511208,-1.1104896784647025
-1.0362854297000406,-0.8216005661992336,-0.8442973651741469
-1.0294793252148233,-0.6949241186680233,-1.1606886909931478
-0.9068474719724297,-1.035832897299091,-1.0139059888832787
-0.9683290262469474,-0.942687034902554,-1.071377976429452
-1.0523106823414037,-1.0348817200303315,-1.2674377864670316
-1.0356084571085609,-0.9567712592202487,-0.9443347835634082
-1.0297502927530242,-1.2476022964440772,-1.0056363724130897
-0.7837927703689181,-1.070001765496027,-0.9833998173946661
-1.0530405985658398,-1.067333325550443,-1.1276896429459802
-1.0535618658148478,-0.9084339892989387,-1.1128084413367887
-1.0156848815801511,-1.1139003480403897,-1.0102974107372065
-0.8427935132108272,-0.99375563283875,-1.1976327095409676
-0.9007217859940853,-0.7333221446890021,-1.0692781315811242
-1.005169286570818,-0.9218064716565069,-1.0174769644381103
-0.9314562041032255,-0.9887800086110919,-1.024795375268318
-1.1540203361199228,-0.8088458775212252,-1.0569267831788682
-0.9129872113745198,-0.9128160427488305,-0.9678525398031741
-1.030276023942033,-1.000714070902288,-1.0805050950731219
-0.8748752611125968,-1.1491040007737434,-0.9354256862138806
-0.8974835672456211,-1.0872026232099663,-0.8385395974180732
-1.0994184301309555,-0.966008720012562,-1.1855127288011584
-1.0471523932768314,-0.9959720268020025,-1.0497048421229993
-0.7526453724450417,-0.775116652064924,-1.2473797491926457
-1.013977699715061,-0.9897662419091253,-1.1420050113024973
-1.0158618302881022,-0.9677807996576359,-1.1331184039739304
-0.9607797878379126,-0.9182824474713371,-1.0591648044102344
-1.0688839132420247,-0.8787260789113593,-0.9769381454370119
-0.9991538314383132,-0.9611531351017699,-0.873126721255045
-1.0835256927760057,-0.8479101473365565,-0.9563233127820558
-1.160589379192381,-1.177802051356191,-0.9653637738230265
-1.1939346000636428,-1.0337485743439552,-1.1062262804903071
-1.0493899684173853,-0.8688406539842423,-0.9337379948926903
-1.0289298974027832,-1.13614994256282,-1.1646437833000778
-1.1058826515938163,-1.1866574537372874,-0.9165218044457534
-1.2082894693252786,-1.0397408114609354,-0.9902760849105408
-0.9637840462913644,-0.9522428168999516,-1.1000172368153809
-0.8028592709488533,-0.9764213397421524,-1.0380866799727204
-0.9463358153100326,-1.177787126420091,-1.0273342364945914
-1.0330362028905402,-0.8671535586518534,-0.7775774437321057
-0.9086652294322702,-1.1002506934035186,-0.9058486661066799
-0.8552687002206043,-0.9807968540600879,-1.0967851368673855
-0.8662830724096625,-0.9937997352034396,-0.9867912062027696
-0.9092113145090726,-1.0266060209620689,-1.0375479971902126
-1.1012036134254264,-0.9299200308130768,-0.9682164611479047
-0.9605722437083783,-1.1740342613975117,-1.1864768704705535
-0.8243284325286893,-0.8840028330232096,-0.849625065125282
-0.9658638040502224,-1.1905719438677325,-0.8622823361161507
-0.9786818265880622,-1.0639992716452322,-1.0679101912315103
-0.9496097779240935,-0.8279914568026077,-1.119639169020152
-1.1118778653271333,-1.1135891556063149,-0.8973214551879866
-0.8194059516760361,-1.0782749182301277,-1.0008730718802243
-1.0367660799187701,-0.9163674084987337,-1.0267600210836967
-1.3353627221052615,-0.9626267772396802,-1.0632839826375367
-1.166693584257864,-0.8369625163098602,-0.9545688362532082
-0.8399154607189938,-0.982723980064861,-0.959365393785467
-0.8842722450590579,-0.9329255625114464,-0.96528265717713
0.01776977913181569,-0.2905144933175937,-0.64040925161422
-0.049893601745948514,-0.2708107412701062,-0.32186532457668365
-0.06047662899971228,-0.42030762075131123,-0.6014106834630378
-0.007694518786498227,-0.2592812149239666,-0.6018035160085288
-0.1559478458628136,-0.27525385139234315,-0.48220448799433985
-0.04233863534883958,-0.28323233592246394,-0.7420275581808367
0.10530490766090417,-0.4049961717164285,-0.38830702972509307
-0.01417679715416275,-0.5072704998350697,-0.6724057123173269
0.05335805560665966,-0.4958671862826548,-0.5030578855016495
0.2232415407057883,-0.5225519583143915,-0.5769448476220236
0.24970717383552482,-0.42502777967483013,-0.6281448210286905
0.013881306733437003,-0.3029681979333359,-0.5585604732157262
-0.055250258156490394,-0.30921109645718214,-0.4343883385180947
-0.0043420135002577255,-0.5005517587085611,-0.4901475744515009
0.12081136903164964,-0.5211442159716874,-0.5288093234369995
0.13805209890877404,-0.4680445712504894,-0.5609523571629239
-0.08892021987090838,-0.3568186806272612,-0.5397697804231586
0.023564140852715302,-0.40386194098144,-0.468371523547562
0.1059834665598221,-0.25733133631132954,-0.4863418259076436
0.08709451636561027,-0.3857094715099397,-0.47105191228713306
0.0890347993412025,-0.17002756192358348,-0.501909673893799
0.1405348690194468,-0.3285805166448651,-0.5493558496305957
-0.10666681367581085,-0.35143426501639946,-0.38855092421109855
-0.0795985427714549,-0.16915763051885868,-0.3364104037822719
-0.0034329002249151547,-0.22738111174242912,-0.4721268992358459
0.08556331016495343,-0.39683641334711806,-0.4972783749515108
0.056995599911648015,-0.30440637687785604,-0.6412095542079969
0.1644553322254984,-0.29202042840039105,-0.5179633879516226
0.10874300962183493,-0.34808029774773147,-0.7123349976388932
-0.014054346832364771,-0.31296442235906724,-0.6553559638508597
-0.17524783689079593,-0.36450405902337407,-0.6052958160997292
-0.014509756049970648,-0.3377676858076149,-0.7209403761504143
0.16645381988750962,-0.15364823413967324,-0.4465811678319279
0.19355758694606842,-0.4249947485899331,-0.4591109228406276
0.13294938563602962,-0.23699378615296796,-0.3835117246940463
-0.02574797574729021,-0.4062709610955757,-0.5066461497019354
0.17423884017583166,-0.2572865752227875,-0.5054143542470434
0.03291298233083272,-0.37439134784277434,-0.41435073344069806
-0.010491765613705923,-0.2745838222576392,-0.5146492501176858
0.1729734663718501,-0.42112937286195357,-0.4102579539119409
0.010278105855602864,-0.45869201980317653,-0.5224308599944784
0.013823723207084937,-0.34200465024234417,-0.722112565371926
-0.020972367081863404,-0.5398669691005556,-0.4111199524861149
0.16554106641600957,-0.3208734659584452,-0.43497405245316095
-0.20041418564742794,-0.38220963159894394,-0.4509505276588465
0.16675386226652064,-0.3070013577763116,-0.38710043897489155
0.056689197022672534,-0.28716485746674525,-0.7497285999179056
0.11777033908589143,-0.6080123744826471,-0.48357966721365947
0.02371646740942156,-0.4036458037585889,-0.5110051615560249
-0.16207123363772444,-0.5385666775959445,-0.7282399969870481
-0.021667414083183453,-0.2808663331170252,-0.5455956828271322
-0.07469319814436279,-0.36885781753165486,-0.4419312890195136
0.1448316535641956,-0.4218431479997616,-0.6590982776268883
0.0015090072636977764,-0.5964272458141721,-0.5465997326976788
0.12453087530209593,-0.39537761999457066,-0.48175716074080704
0.0630949216605212,-0.43902914726054365,-0.6627698837888202
-0.1620915648990144,-0.3160150663183379,-0.6603692665129963
-0.035454162542341225,-0.424974078829246,-0.5957974868542428
0.09738243402109291,-0.26147535054588583,-0.6038267739468232
-0.030258654589304202,-0.4269683987649368,-0.5506358398852321
-0.058042461228551875,-0.5261688216221445,-0.6570617019846235
-0.03791788010837941,-0.3218541709418518,-0.5576969222430632
-0.008114358424551908,-0.502454676591119,-0.7732756637322292
0.10557932770236823,-0.20731398812253055,-0.6691663561343376
0.018133516173122907,-0.13756229464327488,-0.6775967349562371
0.2872842351580337,-0.47489986396546435,-0.6188757832924733
0.35626287342540996,-0.39896762086235954,-0.47776632562040805
0.09820362510636102,-0.43400206014078235,-0.6674700050918675
0.06517240020579587,-0.5180976425066511,-0.5164315999608866
-0.03940548996703549,-0.35712826055784197,-0.46154024562184043
0.053234974651746966,-0.25767601520348393,-0.5011878378109959
0.13875095505600737,-0.10110691287298805,-0.5712001150765674
0.11867649897123522,-0.5683998775183735,-0.33352258956686215
-0.004969011043852929,-0.6412382195864403,-0.4020287413314645
0.1414268524016858,-0.31557826245832776,-0.7415534018259106
0.041008064980492864,-0.07445460210253335,-0.7875765940955957
-0.0038729507795269547,-0.4029453599672725,-0.42371404821574793
-0.04641222292427717,-0.17239046699143135,-0.6282602504623315
-0.05322205929585006,-0.5461206439875808,-0.6984851308776145
-0.02705243379974176,-0.3150338375276587,-0.5539079053394205
0.048980745232266094,-0.19734376077749902,-0.6664519566171747
0.16099065287970163,-0.38522041388257405,-0.5277716911719619
-0.02161053628609301,-0.4333559883599633,-0.6351904239822906
0.07521725475056189,-0.3217359139708052,-0.5975266268746251
0.049279203098756344,-0.34443595323314685,-0.514876290306204
0.2659614019138573,-0.21308109688020954,-0.6477917101401746
0.23933770921174038,-0.37838409740029977,-0.39943565079256405
-0.05812799333103456,-0.433558170794052,-0.7160110084257445
0.15195171756925616,-0.5487043652493536,-0.7007209091866058
0.215690732004845,-0.42038310070934604,-0.5875498761458717
0.19053267698055573,-0.254995918228076,-0.5893402508082455
0.11584542979107382,-0.25990753191578625,-0.5940918123931989
0.08367312043490754,-0.15178156727375242,-0.553351214665965
0.1726705392440404,-0.2699233880468209,-0.44305074027635416
-0.018719782193133878,-0.24355125856425086,-0.5735888476933624
0.09100442522527534,-0.33562100479144014,-0.70455705203986
0.1047702802780132,-0.23893708272152248,-0.6505707479355503
-0.0810683623727272,-0.1732892021889317,-0.6665647584301823
0.07108202829026629,-0.4414929744254247,-0.61158624225218
0.0026617632313194546,-0.3880166282621528,-0.513485732934664
0.024597986636406447,-0.7019197467601997,-0.45652622222993644
-0.11038541180956904,-0.29803721640514963,-0.4817729659970811
0.4156121800061054,-0.3557729678820956,-0.59883286314698
0.10622895205839188,-0.36854486700945244,-0.5582831315056598
0.11367562910301927,-0.3786388931895647,-0.6305427052872783
-0.04096188436485774,-0.18222428219054038,-0.6736000967165573
0.10993138380340849,-0.18799389395962987,-0.5640940791314063
-0.21576799341401295,-0.3472529272348317,-0.5025867427510647
0.03367344481014081,-0.42447927066334795,-0.5523195075764451
-0.020352585775442626,-0.03345775149513812,-0.46833338932436497
0.14710289546207064,-0.2433420929554299,-0.42807100326727837
0.2236573268353762,-0.1911005279616769,-0.588418052807365
0.05194464432131455,-0.3277374085557514,-0.46741062440471254
0.020771447197265175,-0.39895155679883737,-0.49448903753757545
-0.1700502307845893,-0.40006491269523625,-0.5723912775795895
0.18054893275352488,-0.4551783250828904,-0.4549139647713099
0.04239513449647428,-0.4204954780759354,-0.7153636543685906
0.2832989457802965,-0.24679970954168595,-0.4547003281781828
0.20063937457995112,-0.5374672092000268,-0.47038726013149657
-0.02815795731730519,-0.47261616660446826,-0.43660367098306996
0.09856293112435724,-0.08309404568228211,-0.6998416184288977
0.09580176701568294,-0.30946385968464224,-0.4642716895842951
0.09126454287461241,-0.23653490085567175,-0.705007721202304
0.2675214884416838,-0.24446291981759172,-0.23969219356145618
0.04326470702709772,-0.49998532301260634,-0.4231018498685576
0.17648609691934874,-0.190030884649626,-0.6322442049182131
0.01012555831625335,-0.27062800426681166,-0.5020922008163204
0.012722988356875402,-0.30840311684219823,-0.6756176340693261
0.02616518952968331,-0.3605705275379908,-0.6211264300279711
0.12144547368159406,-0.4547990731945519,-0.48205701918478755
0.24215941929754753,-0.557359071564824,-0.6379435713100294
0.06913751270532494,-0.2582439724846279,-0.6249183622927702
0.0943763115963512,-0.37817849994161984,-0.5080985567786787
0.07992484155619384,-0.26011476281530416,-0.571039383156541
-0.06298392235368847,-0.3235486683447984,-0.4437077524738302
0.008461819287294508,-0.21839914793855358,-0.6155227766919773
0.256691048173632,-0.3678544947019233,-0.6470798694146979
-0.10396135214309368,-0.3431748476415372,-0.5047995014663718
0.15450571181219508,-0.24566159778526728,-0.3778692744334859
0.2406024902820718,-0.36477742311542,-0.47341991442350245
-0.01071059799008375,-0.1015449310548763,-0.5107317672677144
0.026916091540570786,-0.5396576818054396,-0.5618805304171609
0.17712518663306703,-0.38210604888758826,-0.6078092235786942
0.03293273583229417,-0.3862701064864157,-0.4989936900012997
0.2648716763747945,-0.34525838697711186,-0.5456551451099241
0.1579398314265274,-0.5302247376380783,-0.36802531756624324
0.09509543305526263,-0.21773821771948335,-0.5604573839007541
-0.12064284849385955,-0.36159321199501276,-0.6129879876747351
0.11481958792445862,-0.255015731066479,-0.45789820863549874
-0.08306160449933134,-0.39709866801618376,-0.44682153590713825
0.14925853128525485,-0.021390499178361607,-0.8085526732462991
0.03224499010190184,-0.48893870764548963,-0.5850981257477549
-0.016860088759427672,-0.49894230284801594,-0.5621416314424862
0.043802902845978785,-0.07306857969359734,-0.49306573040052787
0.025604781033498107,-0.3350655521924931,-0.6000032979033921
0.2558417535624614,-0.10678737085649889,-0.5016703825042275
-0.017498322531729435,-0.036655261200170326,-0.6547151489420192
0.11500105580896224,-0.32385461596397613,-0.6125213177886458
-0.1895525048362841,-0.2236953224388681,-0.6330444673691692
0.01690449626261667,-0.45855034163841035,-0.6834731916584286
-0.4943925023683381,0.9224951006248608,-0.366263135944473
-0.4603011715443684,0.9274290070629015,-0.23392621735964636
-0.37154287645812784,0.9519544936721231,-0.23414598915580867
-0.3645822159498108,0.7425374371639648,-0.009997289759645046
-0.38172840008940273,0.8180930056117055,-0.06911477143694189
-0.5566937667916827,0.9610434802561616,-0.16113683423026498
-0.5466748141081667,0.7183864351679276,-0.03434440984990938
-0.36643053274598714,0.7702073353877466,0.04602587163552345
-0.4924150462276826,0.8783828715368589,-0.05663564546541234
-0.42482242152519956,0.6070293820601428,0.013871979479658708
-0.48724775116237795,0.9872475657723806,-0.027090524663471338
-0.3652155217068244,0.912553322646423,-0.10205763096607944
-0.3337546295726089,0.8194903227627164,0.01346862780989793
-0.37743383170664485,1.0110714705277277,0.05735871651628796
-0.4424345108340071,0.8848414217048383,-0.06187191051742711
-0.4182662660333595,0.8167698022635728,-0.17256608528760964
-0.4235720040628589,1.0618804988941213,-0.036916602137422594
-0.5280794988025806,0.9508458141054835,-0.008124985691489377
-0.35783307235931616,0.7049432649291545,-0.12500012096692018
-0.38544998681469894,0.7424646959831354,-0.1602328938711712
-0.45100662502088906,1.0074853909548809,-0.1608245158320074
-0.5083192274762155,0.6867453061409502,-0.046583627798317796
-0.4981064596482811,0.5381021470356786,-0.16102207343943947
-0.4466746940025209,1.0965402604404528,-0.21147835593463754
-0.47155669518823706,1.0343172061470831,0.08449353566832989
-0.582133972625785,0.7381749058091649,-0.06843971155787733
-0.4412387899257236,1.0653827339672446,-0.25438601161408386
-0.5431925505672195,1.06264396221213,0.010751392529615763
-0.4919105483349677,1.136625470397766,0.025510422597859756
-0.5478362982100109,1.174404486475322,-0.03293239202104578
-0.3828369846261617,0.7544361482615904,-0.04065542416119076
-0.40634515068287924,0.7612933605659974,-0.020848519817280576
-0.4188327577373593,1.0647243641176698,-0.023731848793835875
-0.4969628956182551,0.9307685154739205,-0.16879915341358132
-0.5598770530591594,0.88646952119202,-0.09006823721358789
-0.5326954262010123,0.7549773883919244,-0.27919300871184194
-0.545059005758461,0.8711863636324801,0.011600929236131078
-0.49911771259376786,0.9157817274476151,-0.13513255420854722
-0.3961698203052092,0.8747249301997578,-0.12535994211681376
-0.3814866723695597,0.7703290139756162,-0.257761207969203
-0.4053601886844828,0.6590118145709931,-0.19144889762966785
-0.37225530004971075,0.7213443643458156,0.03213332552165415
-0.4149727802487132,0.7805971625005078,-0.01035305820854778
-0.5577805123789636,0.9031834734517383,-0.17504588389832768
-0.510445738868563,0.9853615141394572,-0.11534392214660089
-0.43514927561485056,1.0442659911471721,-0.08754770439060851
-0.41540901886526793,0.8920180536160532,-0.12165047841152822
-0.5820967291468009,1.0059959037327655,-0.10000051059488392
-0.4328136388935272,0.9649868915852876,-0.0036688386320643117
-0.420467249485685,0.8585575346387403,0.01834307185571813
-0.6342558019252464,1.0182894938798916,-0.2628292144975756
-0.5254743685963829,0.7859656920371052,-0.2102369971767684
-0.5063332142144882,0.7929619233426176,0.0003732781386904357
-0.6891042469156548,0.6185994960656886,-0.04750654974239431
-0.656454756969779,1.0485543996887938,0.08016710036790989
-0.4440811676957128,0.9935347687542568,0.05091234645427094
-0.548272091629969,0.7731563953648622,-0.07822168742590996
-0.4918842759897619,0.8802022865725151,-0.0717411835780321
-0.4580805762577316,0.867406801932557,0.04474100814732091
-0.1956189062596808,1.1397860973711984,-0.024929333142073157
-0.6594506946649495,1.0437493373251854,0.01283658279022206
-0.35208233308334047,1.0080861751470465,-0.05744349468967937
-0.5624193115412184,0.8790237884380356,-0.1492506460710841
-0.5303530233802748,0.8884273714249084,-0.0739959418972577
-0.37203057013491264,0.7400535005257527,0.017965762163924304
-0.5233751231418873,0.8764736964239743,-0.23307274290163935
-0.30230246002349664,0.8129624738914523,-0.19978391965083506
-0.586709597060313,1.119725875526651,-0.02982353275324957
-0.3442840033758774,0.7534964578694849,-0.11590921480966354
-0.5492631673256403,0.8974696223360064,0.014404853336114904
-0.6447620430302465,0.793983440197491,0.08513788636632486
-0.4236919779405019,0.9796266853186167,0.003794418503254887
-0.5662822074496393,0.8235039340545626,0.04794514214601513
-0.45195196419394434,0.9269472028068796,-0.11689035378296436
-0.3974999627777159,0.8668815870542652,-0.039250257748136695
-0.3921133068458259,0.8906194258566195,-0.2241652253533449
-0.40378781042098916,0.8693758995706795,-0.05743357318998863
-0.510819302354594,0.9773382082927597,-0.17670788388282122
-0.624293744153247,0.8111031637830055,0.014109062652894924
-0.3014728068958792,0.8756381704801034,-0.004137654758012767
1.1883439242545841,-0.2219451173131759,-1.1458698791966384
1.2354465772040364,-0.3224284650634304,-1.0035856150461215
1.1257846929948219,-0.40797853566711983,-1.073296902774823
1.128862244071455,-0.5973880875200527,-1.1220996456279733
1.0255004625110562,-0.2279881138304822,-0.9715524443071663
1.1213894623714435,-0.3270476810115454,-0.9205153442457181
1.0017289436286423,-0.43321725558050495,-1.1472357105290876
1.1345573029192357,-0.2448874069768693,-1.0901025279317536
1.0315011545884871,-0.25705351435448975,-0.8830511880353802
1.2582926240860552,-0.14512989668378698,-0.9435790082626019
1.2972762791464485,-0.2076190217627006,-0.8021014498833376
1.2636357197878532,-0.35223608847265964,-1.0827698138875848
1.3138800611849524,-0.2717734739905896,-1.019238996544513
1.1557490200672365,-0.4252950434942267,-1.0662549458355859
1.149875963662144,-0.37712369580144217,-1.132708708736225
1.243635598476401,-0.47361926952471706,-0.9297168668279374
1.0143637520064208,-0.35052461554323255,-1.1797463139959008
1.2042514339433636,-0.3754049976654352,-1.1148964562834682
1.043055670245367,-0.22890330848270085,-1.145562858862538
0.959587788640065,-0.3364837097583607,-0.8731869932826378
1.2330404231222767,-0.18655307170012392,-1.118246567066127
0.9841644257273121,-0.4713767164839584,-1.1283673856565737
1.0200067510981192,-0.5117495661742741,-1.054684342651636
0.9195221158090864,-0.37337371294979776,-0.8847004086549555
1.0920177836029028,-0.4590031493850018,-1.1103401003247655
1.1885895200662195,-0.20639697655719996,-1.0455891559824888
1.1731252580598805,-0.24751482508950676,-1.0749057257344372
1.0495842273899412,-0.35977991572561036,-1.0161223436042999
1.0374744456782263,-0.4020355886477318,-0.9970515819268614
1.1200252583462091,-0.38165184695658894,-1.0632800693076325
1.068941571392605,-0.22329337779019467,-0.9123135565352181
1.0414503468779124,-0.6262966471773832,-0.9500288761941599
1.2064448638577954,-0.5660076068412343,-1.0516678599864433
1.1840476141510563,-0.25988222204091305,-1.0725660974308528
1.1196738504706762,-0.35640561135058246,-0.9416645723856548
1.0371840346489265,-0.3336726209795065,-1.0859832887427965
0.8453127071941907,-0.3276649342141676,-1.0960829281852749
1.1302747840383234,-0.48295673507081155,-1.0124391788139482
1.1775574015928656,-0.36290690918560664,-1.1021562777080456
1.229771180598899,-0.50268976353339,-1.0514772786732238
-0.9161684774502342,-0.5491016921606696,-1.019960158445569
-1.107700580642723,-0.28264232058902905,-1.0310629641456688
-1.2315068874929622,-0.34777012202706065,-1.3669929306065767
-1.0169942429228518,-0.5453351749244768,-1.096450548511879
-0.9756721849901197,-0.3178677092411831,-1.0241673502607238
-1.1420020423793475,-0.3770996801967921,-0.9221404100720736
-0.8367566838310073,-0.32503157285531337,-0.9723763007615952
-1.0733704624614107,-0.3768378368059845,-1.135900774366453
-0.9662108472332995,-0.2545808800131324,-1.0323273643478201
-1.1396350288476271,-0.3834640960828495,-1.0929733932572687
-0.9395271814563239,-0.44138846586823616,-1.005090011865449
-0.9456151325344945,-0.26401196219998,-0.8792051734894387
-1.0169272616872258,-0.4964055233050844,-1.0013487032713901
-0.8605991143398188,-0.21300583513024296,-1.1994663768037446
-1.1392269930719754,-0.08136870517016634,-0.8908561037492132
-1.1421680081275019,-0.3494056719242035,-0.8908543619323762
-0.9262305551345795,-0.274719786043125,-0.9832120880192
-0.9764455154032826,-0.26568231477327003,-1.0067754071824464
-0.9739715115659865,-0.28675322429966765,-1.0249995752751389
-1.002847342507773,-0.01569691441039544,-1.0380365497409667
-1.037436989230994,-0.3904370737836754,-1.0024620565626703
-0.8136301626925926,-0.35103198297141236,-1.1042035657491076
-1.0430209456662045,-0.20995350967424867,-1.0349828942494494
-0.9837110115165567,-0.30190004660631914,-1.001211405038944
-0.902404557682861,-0.5444099940762209,-1.131409170899348
-0.9958431791480414,-0.24401369609260468,-1.0110750868511718
-1.0272109647251066,-0.21127267206248093,-1.1778619683759337
-1.1011272642438525,-0.38576665396324533,-1.0661963514497077
-0.9459534304647951,-0.3372310089832724,-1.0383402412381217
-0.8289858699135388,-0.5190039568486372,-1.0913850052107683
-0.971290818421629,-0.22335356651688418,-1.0920945424932993
-0.9734176024296586,-0.22604148622179493,-1.2190567848933187
-0.919991653022565,-0.5904012882690082,-0.9811612744958359
-1.006973692897304,-0.528379673268785,-1.0674667938867823
-1.1682537589223518,-0.18975398399805068,-0.9899693793741354
-0.8917023124472103,-0.25042123461258897,-1.0848351103452765
-0.960497928471869,-0.3475548092454066,-1.2281071461548574
-0.9594593639376466,-0.36257686660351357,-0.8661227877932007
-1.088206082649791,-0.31317482842232125,-0.965979505719666
-1.03018436132029,-0.228596592025602,-1.1330748628264045
-0.29067341359627563,0.3337528528910191,0.9736676405468064
-0.5647615213595981,0.2623849892434345,0.7852930208051286
-0.37580322517619535,0.4752854156718974,0.8098523929592932
-0.5983981127436806,0.41810528252483165,0.9253494581032388
-0.5437333760358712,0.2942171314367584,0.8663207010984054
-0.25933268722406716,0.2691953708765794,0.9247616176345803
-0.4804780827329116,0.43642687260470103,1.0370366378871465
-0.6443833334857544,0.3186418709402486,0.7173202990222064
-0.39108005359324577,0.2012079257514541,0.8772944684971424
-0.5631571724733843,0.12435657501106219,0.7946714718194329
-0.479352489126287,0.27380560821021654,0.8264621856089557
-0.4202926562235279,0.23689750385855493,0.8126175655113093
-0.7159472236433491,0.3102113028451158,0.8382939954339179
-0.36644317886646177,0.3485008719806974,0.8056266575559581
-0.41456606319288974,0.4993916309022512,0.7192241934429635
-0.4450203995068151,0.08253165545152029,0.7996396984508158
-0.2460323137892353,0.35740222139307026,0.950339642022024
-0.47944356431681096,0.31504111305202837,0.9941351206894222
-0.5224602015920597,0.36217075266601956,0.8718011301889942
-0.4586310816499673,0.4370471009257171,0.9107976140840305
-0.5160447632941151,0.27622659000843736,0.9100259569016378
-0.5299121257837268,0.13976623136895744,0.781393386422565
-0.4341527329461514,0.06609360860258205,0.8392727795685103
-0.5667361066292413,0.37489519557820994,0.9421820765142991
-0.44039339723527665,0.2565381225927418,0.8972365764637701
-0.4631528069505852,0.10675191117651087,0.9072670067171849
-0.4010977290210076,0.08109403043784198,0.9327304316729547
-0.59711848819395,0.39179681130598043,0.8445949386916333
-0.5581965322346921,0.22962971023180193,0.9519640834006686
-0.3023977230735613,0.6397426771530628,0.7921275653907134
-0.4064262119110474,0.3674621742081484,0.9052707072299855
-0.38065598204737616,0.26018299790757543,0.820778337804602
-0.5592259137526505,-0.07828519697239751,1.027927555844447
-0.18925527144613477,0.3071641816297728,0.7024178302861884
-0.4605692889526172,0.11157989876869738,0.8534692241251408
-0.5096755731089837,0.3255841875312404,0.9670351355664326
-0.4948310071072086,0.17004385818182294,0.9054753352348709
-0.4832189454453122,0.4164809358886328,0.9703156944372451
-0.5417818348092324,0.07949385690999589,0.729019643356784
-0.33024801757932465,0.2028715681828244,0.8838572913582677
-0.43648165714847253,0.28486451504728877,1.0789471716854309
-0.6667698783710669,0.17651590695119107,0.72640192260024
-0.365495735955189,0.42806157602422423,0.8855393183699601
-0.33396337546371907,0.39676826572058344,0.916368866943384
-0.38978764925081466,0.2703280424921724,0.9967827409968364
-0.3902057657399092,0.20429085930670557,0.8513903461768841
-0.519048817252111,0.33842414324605463,0.7181589361451226
-0.3317000100896998,0.3241137454877427,0.7346601511970767
-0.24916400881440207,0.23515570486947526,0.9289370843088159
-0.5252822176617984,0.2289304911287318,1.006449933516244
-0.45558483200148836,0.23428820264683517,0.7691640807141333
-0.5847353896905945,0.30828061742747415,0.8955741766407146
-0.28850393484210585,0.10845589461173175,0.8547798420294281
-0.30106292834852433,0.26406524028760814,0.7715125854180275
-0.25762133341040977,0.1062388362403927,0.816704495871538
-0.5421452483527878,0.2561579443659968,0.8645242472750347
-0.4230060304176743,0.19145907590018582,0.8648257825575295
-0.6164001882502032,0.4883636818983445,0.8496676603199584
-0.4761642475655277,0.45452656375105405,0.9848876942902006
-0.5358520138547938,-0.02514019711783549,1.0351896391286106
-0.4101005178328103,0.38598940897047085,0.9593782371936944
-0.4411248575465272,0.11757293650190709,0.9543130840200837
-0.46151899311306255,0.11508839826658035,1.0096142433613169
-0.4620644233497223,0.3560583792335282,1.0303703517913159
-0.5372714542519904,0.2834811068699664,0.94515863778593
-0.5561495298590966,0.13723177063276365,0.9565239303443328
-0.38250771339841216,0.2197942781893728,0.9240671986083847
-0.47417884952423217,0.3891190073950183,0.997723137724566
-0.6056099696173214,0.36864513385734843,0.8874668025404484
-0.479742789476049,0.3294076492565475,0.7598699129073665
-0.5040880627448457,0.42229599580034727,1.0365948199270385
-0.485504613137388,0.2930104263225101,0.92392297725565
-0.42929885758719283,0.22293032897556503,0.8035840228265633
-0.643790969209224,0.21167359863217267,0.9262436919894788
-0.5926186728413437,0.13423982206688848,0.693649751527889
-0.34592704978061206,0.21541769695187493,0.8203910438027889
-0.4638333450357543,0.18390287929234497,0.9161429965498409
-0.5138214513952132,0.32131711641013994,0.9099230583808587
-0.5260890584803006,0.19032559017758133,0.9813877085366755
-0.25498957090056334,0.25391032413170145,0.9526066613901838
-0.6862792745447333,0.41027641165979306,0.9430394009036538
-0.3952255515203916,0.11140724099552711,0.818481234163604
-0.47871374893680885,0.4170023143863256,0.8316463817985935
-0.2733720110166012,0.12292327823061226,0.9060175250400305
-0.48506644166846846,0.2886774483641914,0.9207882526720411
-0.45607832840144946,0.12636971133443287,0.870119299793548
-0.552262786285381,0.26337765505409605,0.9144021614535782
-0.5924966822521089,0.30813404204252864,0.9475967309707273
-0.3426308235763571,0.0376678537422926,0.8850905121390378
-0.2669805717463408,0.2800347925034233,1.0405949357698474
-0.49608201553398706,0.23344595450131905,0.8403420063355477
-0.4218751059853209,0.37439989067433344,0.8969480394632214
-0.47823491293367626,0.10293642627207251,0.9698931307109943
-0.5312067280346702,0.408595940598396,0.8540372042957625
-0.33133808588689423,0.2599896464635737,0.815969500710511
-0.4576333852367846,0.16692716145514375,0.9080784710735305
-0.3201533962302977,0.18086070405135102,0.8956956848652718
-0.4062379534068729,0.1626444544297923,0.9611035503118347
-0.6303474265053638,0.3098438113306754,0.8883841977355619
-0.39601023102223315,0.4928950251967089,0.7560162215607181
-0.5467409227151556,0.12810335102496706,0.9110035428054916
-0.34315229789203905,0.1524963141151521,0.7526615991259822
-0.37033810725073735,0.23533058090204764,0.8754916733322111
-0.5296809885903744,0.27267504119745395,0.8311428314426271
-0.45246598077898936,0.26689327290366954,0.9072560367169002
-0.6233722530500598,0.32344959186304373,0.8400448149524096
-0.520144282856481,0.30013991484901564,0.8124871984971623
-0.5225091798716156,0.42992265171873717,0.8426653449392263
-0.3624215615540489,0.16063553545790926,0.900909312035738
-0.4710549367054883,0.3445380050555179,1.0021388080929146
-0.34742614846874414,0.30343957777991726,0.7933425001100206
-0.5169416940333486,0.37796283227627586,0.8585865502251461
-0.2977640022025758,0.5099168301324745,1.0317101198871415
-0.4507595193621964,0.28612616347825737,0.807192451070692
-0.42739004203547754,0.2922969688756169,0.9916960902757376
-0.5460437610729394,0.27350294018784727,0.8450221143857319
-0.5505812165819434,0.3558180938084439,1.0157514251976325
-0.49972866919658276,0.38582645353555267,0.8946463042118908
-0.3860315810408063,0.34664912408887666,0.9735758496249519
-0.30991370197543466,0.3078305036526842,0.9576544244412464
-1.5566227053531252,-1.6332231615020232,-1.465567919731597
-1.5812816541533552,-1.5384350602168888,-1.5081834640635385
-1.5398336422153558,-1.597139919204056,-1.6020953123527386
-1.5980738915026726,-1.7465468624566236,-1.5788509915439632
-1.5657280340792008,-1.51902632229364,-1.5170125530291672
-1.5679376096736202,-1.3132825187320902,-1.5587942917006719
-1.6322772651078803,-1.692236610228395,-1.5387459075996062
-1.3114896858186593,-1.602000724617146,-1.6401316131294708
-1.6335886293845128,-1.6598504332178206,-1.5034932429090566
-1.5811018978232168,-1.5392736782937901,-1.5109801014109794
-1.5427777385606092,-1.5300567120868247,-1.571945582741696
-1.298127699194878,-1.5730570065066065,-1.4863435976137072
-1.565847034169257,-1.615965127699241,-1.4078028299761889
-1.671173767979716,-1.485660877789555,-1.4743795609386703
-1.6509850827566475,-1.6353388186066702,-1.534187447653676
-1.5651497932840537,-1.5807176395282372,-1.4348033754405258
-1.286587467848453,-1.8332388172331489,-1.4178887913027
-1.4518499530384805,-1.591307838364704,-1.5511971038768593
-1.3927968219352833,-1.4412220097635928,-1.5722923393223698
-1.4408706508304223,-1.5813878161569828,-1.4814511975465212
-1.2547839621066452,-1.4936742807718175,-1.4807803675817315
-1.5887833233034976,-1.4960456860533404,-1.3584686365913652
-1.5091222263813855,-1.6773209111506762,-1.551451355436639
-1.5264014490160627,-1.5776519232542132,-1.449925469184236
-1.614781590138423,-1.6215913303206129,-1.6947144340752693
-1.6104835147435532,-1.3847489704573241,-1.3747347838094186
-1.5878468980419287,-1.4927157002866356,-1.4007713800131827
-1.5550869394926954,-1.3598265380546424,-1.4142422751239123
-1.562901012760439,-1.560005355823971,-1.5898533823037062
-1.3818893403017698,-1.7021917625129095,-1.6329002548295797
-1.4884671579992141,-1.535566759419376,-1.5291560697166342
-1.664654803636606,-1.5069649345143508,-1.4800102424537511
-1.530885449820786,-1.3908345692457473,-1.4463731847327868
-1.483094408309117,-1.7735665483117604,-1.540673257103004
-1.7882474650221267,-1.2539736579935075,-1.5128617352271805
-1.4626924854306103,-1.536050054672078,-1.4225247509691423
-1.6399253548986357,-1.4879621707171784,-1.5982941265079416
-1.6086904231111165,-1.3924034071725127,-1.371799148070984
-1.3885513111869277,-1.5851512523759024,-1.5156894837675956
-1.4909710388400481,-1.6407674354650248,-1.4572194027456447
-1.4959148433313414,-1.4516585237681998,-1.3342252900068903
-1.5784583697523178,-1.6456213994400424,-1.436791331724479
-1.5198842429393167,-1.5610560986551936,-1.4088534950598945
-1.7051594823570062,-1.475253631059573,-1.3815102960956003
-1.4658038387187928,-1.3841169306807992,-1.4868737747879561
-1.4382385723666542,-1.621086303934443,-1.541974113994017
-1.4844993482148043,-1.36688683663366,-1.532307152481497
-1.64565721783268,-1.6609169014374918,-1.4486502233107204
-1.4467121426031986,-1.72092525055584,-1.3681094031329313
-1.484017105625707,-1.6142138140277942,-1.3454662137223181
-1.5236099081689791,-1.6569733119077104,-1.364172734505544
-1.5407753817569414,-1.696421177026301,-1.489318404900836
-1.5491973280402784,-1.6162182066095268,-1.3068693567896852
-1.4646848141242512,-1.6314817809678863,-1.3707051731304112
-1.3238383296712564,-1.708725255167995,-1.581130309776337
-1.5461797813326212,-1.6376838426176492,-1.5679154271046076
-1.6941249882063671,-1.3987576539616695,-1.3969521184255325
-1.511226478003337,-1.7120832459998123,-1.3628053408466099
-1.4917647333415531,-1.723045789186323,-1.6456132089931186
-1.5067272136040293,-1.544680041330476,-1.499090845769494
-1.628360642240613,-1.48546528482076,-1.6740429351157913
-1.4275160663983806,-1.4626892461925254,-1.487654913477636
-1.450549554458904,-1.419129158194987,-1.6523532136785442
-1.5159693472559963,-1.4064784223609117,-1.5096749658456488
-1.4945689778102884,-1.410724824371263,-1.3984577339462951
-1.577383002919136,-1.6209521597130006,-1.6072487884384798
-1.5564670156884637,-1.5019087827949948,-1.4452434457537495
-1.5002394367842513,-1.432111875996293,-1.4666734848377667
-1.3639781139045035,-1.563042259315646,-1.4141048491840362
-1.3665151543321115,-1.5042957413865983,-1.501052348390968
-1.5497781559432016,-1.5791754272091227,-1.408828524370978
-1.560216576607096,-1.6790547656946353,-1.522149586785009
-1.3927027704509427,-1.4161354266242558,-1.3380655123416794
-1.4253034648000427,-1.454073924651502,-1.514245419513142
-1.4812841956791711,-1.4972940821249714,-1.3773828259168293
-1.4352359950955667,-1.5268804502503242,-1.5201875030849519
-1.6593385618087577,-1.7047410297919057,-1.548182487399393
-1.388774269647813,-1.398256881784,-1.6671922765813993
-1.5652221035482734,-1.5058478247446265,-1.3669664618037456
-1.4327256708743736,-1.6686999299446321,-1.5134792510813435
-1.5687907121540605,-1.4160642025663766,-1.528030207949307
-1.5039990639461145,-1.5655962756677315,-1.4826113274858164
-1.6752011511606146,-1.4617402201355107,-1.5597441515109973
-1.429203176291172,-1.4521675971699568,-1.6305877122566328
-1.4335955018458224,-1.4763153343284832,-1.4771935998631625
-1.4547579490321765,-1.603397573578791,-1.4473627842727754
-1.5908881234793433,-1.4011069549071473,-1.3966968419330665
-1.3744722814563954,-1.5636824293654046,-1.40885113929561
-1.540347285040926,-1.3737702189207839,-1.6206054386869662
-1.4326462965185411,-1.503242597345929,-1.5161118535496043
-1.515010097052763,-1.6587297085556052,-1.515546840537628
-1.486680033999175,-1.540800350898173,-1.4922768653525695
-1.5091907928435757,-1.6382847544006762,-1.4093879963647415
-1.4373138700861465,-1.7277972533443053,-1.6503035230387504
-1.4045448433250665,-1.470059328228054,-1.510580848931862
-1.6703213578827787,-1.4764053009960059,-1.5806215445861433
-1.5455239741547153,-1.3433301789908696,-1.5922834880913292
-1.6219080163633375,-1.5693004836196829,-1.4762525888845635
-1.5659158411696337,-1.5761399735927757,-1.6629377027803534
-1.4136837163140648,-1.4286792706726292,-1.629039804557339
-1.4262686394930348,-1.1957052805191497,-1.3204823061279949
-1.6727677975394364,-1.5316445468951934,-1.5754853752758924
-1.5627422713496386,-1.492053810178458,-1.4591919357418432
-1.4299313622026795,-1.358128673823819,-1.4720175737908432
-1.707172268663517,-1.6222137539810821,-1.4754105041958883
-1.37561036439915,-1.5191606096553558,-1.4981170329357125
-1.5539982998126827,-1.5597403169652297,-1.390739404612824
-1.7701684925206775,-1.6363932663112803,-1.4522812845977155
-1.3677582442599256,-1.632573939681949,-1.544088943722656
-1.5254295215153983,-1.3170709189177714,-1.5002569594798287
-1.5989168436871648,-1.6007849514256758,-1.4831444275236956
-1.5432173439925119,-1.5526995788924587,-1.5185922261378129
-1.4920777859922187,-1.6208597502496713,-1.4490396447772556
-1.7262559117324228,-1.5735760771253802,-1.6104853291247807
-1.5889281698744597,-1.6441823528062245,-1.5238985562698029
-1.289480557662875,-1.5876243532685796,-1.5037484819221043
-1.4533079297680254,-1.5691990749054352,-1.503811756197642
-1.5462198321562777,-1.5344314356471227,-1.620804065725229
-1.7045400634843832,-1.5706767615105364,-1.5042142927397746
-1.5610534914234762,-1.5513436962044762,-1.370081863523984
-1.6656311912585302,-1.8174676914232877,-1.5795241434857696
-1.3303438654896174,-1.7057584888299202,-1.4865277086430377
-1.4293647421404618,-1.6090670283384716,-1.534374321585976
-1.698146907004002,-1.46683921369832,-1.6174348920671133
-1.5662125105665017,-1.5555488223140106,-1.4603962009085132
-1.5978557938581817,-1.644473262372628,-1.5606837087904673
-1.522016804923925,-1.6438778189978362,-1.4410815328441433
-1.6057188309949102,-1.6304926020133155,-1.539826757110891
-1.5133877031552971,-1.6821678735136434,-1.3837500223117696
-1.5632199079249862,-1.626595273027014,-1.532118990410253
-1.6139264211445488,-1.4874363573086316,-1.7710120373948761
-1.614825873773272,-1.6992376057396257,-1.4168543677959924
-1.2851345315717826,-1.6906941842967071,-1.5274605198766993
-1.5835111558326496,-1.6630308696275535,-1.5475952757626554
-1.3246939331738883,-1.433439600709319,-1.76023597376866
-1.4962416415168613,-1.572463163653185,-1.5531671644541145
-1.5776861825229973,-1.5361381645035042,-1.5017867142146517
-1.5127796302826824,-1.4475816886614055,-1.5237722696494451
-1.8209891281680715,-1.4757516898744136,-1.4709703387439368
-1.4844034738969425,-1.5647047316296223,-1.5061373332305579
-1.3293209240639865,-1.5435066102472073,-1.7367829007318953
-1.7792897776192547,-1.451040091253383,-1.3849876282628104
-1.4968620066046352,-1.634158378801819,-1.5334767991008191
-1.5362351657188134,-1.706799303051446,-1.4498637968920685
-1.6285088153571334,-1.3300597141581476,-1.456403498653946
-1.2950671875010904,-1.4941923815084373,-1.4569745165459433
-1.428797407681975,-1.5913044730639494,-1.454010821162909
-1.6087300086215603,-1.5055675060480078,-1.482787546473765
-1.3970255139070658,-1.5750478960255074,-1.3413479522802358
-1.4973066186853947,-1.6767834444196554,-1.3867628030910286
-1.7449561736045096,-1.729077174192856,-1.5690240047909743
-1.6018009137412994,-1.569762588264714,-1.6281210395323538
-1.6034556111691165,-1.5662574395590367,-1.565981164089114
-1.6921405398695961,-1.5444717965924688,-1.3362198068292601
-1.5161102658039982,-1.745846919914136,-1.4526214391357986
-1.496767125328383,-1.5287152716868981,-1.4402552666819353
-1.717731848580147,-1.7622743375110335,-1.5477487272845276
-1.4230895120047866,-1.5071360985653321,-1.43489171390606
-1.5175237093315856,-1.735778305865533,-1.4860823663955243
-1.4901451738327187,-1.6797574586271196,-1.3733912886544757
-1.5252791335143925,-1.557458692848778,-1.407602647993143
-1.4583463264596435,-1.461984621136824,-1.449230858349586
-1.6289594328022923,-1.5555442622314337,-1.4859165077752179
-1.5540659167098891,-1.7432606135265216,-1.497187468417778
-1.3849482200636631,-1.55962561982751,-1.5720595245625384
-1.5107088276276395,-1.3553809743249994,-1.6100873515477305
-1.378918404870942,-1.5359503613708638,-1.2976776834546384
-1.4241903612250113,-1.5037458169532534,-1.5002468141041791
-1.4805443923816197,-1.6739942619603603,-1.4186533963604597
-1.556782090502986,-1.6465113326227157,-1.4806788528400194
-1.686752392939326,-1.7016463798312713,-1.5263201473354397
-1.6324020862616702,-1.5521162915497444,-1.5443714864209086
-1.5725817683728645,-1.6369233871523947,-1.359104648824194
-1.5612113535370717,-1.5862141742205822,-1.4701430181934907
-1.5569332112967424,-1.8967641285702068,-1.5833131527992583
-1.6025905267056275,-1.610970584963743,-1.6448329644557758
-1.4759462477118719,-1.3848487523038724,-1.4715348377855044
-1.4474681203882278,-1.5393790550526312,-1.4728952991979398
-1.3411198031441738,-1.5980968328244518,-1.4434598073151816
-1.479121390386639,-1.6847593087809503,-1.603542367725889
-1.5686411461632963,-1.4377296510258586,-1.4137790127625174
-1.5629385791060744,-1.6065279522879523,-1.5103660644006687
-1.541007755335066,-1.5182623721548036,-1.4261917422059953
-1.3937148720055779,-1.6470460388062018,-1.45615622839923
-1.4307107876565002,-1.6094713458340792,-1.451575980051309
-1.444564298958936,-1.5330405693763292,-1.5252607853947044
-1.6808030931862514,-1.5770858968561428,-1.4010101823085024
-1.646583137347361,-1.5641245162960287,-1.6042978835144999
-1.4743150673757555,-1.4816790592022537,-1.3386483032779275
-1.6215862196628255,-1.497924483583318,-1.7532575000680324
-1.419548157325938,-1.4453500109387936,-1.5090234462912357
-1.4986864383138778,-1.653734309249212,-1.552830740739814
-1.5321286729330774,-1.7491362808644961,-1.5851407059996325
-1.3488388891637688,-1.576623424935125,-1.5286080877495116
-1.4492032131835566,-1.5347630741883398,-1.4682459812016173
-1.4867246588451837,-1.6698608426513557,-1.5689543322556123
-1.5541147753988618,-1.350406260694883,-1.542145270454991
-1.56298407522675,-1.5754670044269905,-1.5366099599705971
-1.7792270362035645,-1.6850386006700708,-1.4028718345979232
-1.4311108206295184,-1.628071588219381,-1.4865339404730684
-1.582687603479603,-1.58104418058886,-1.6213508315925107
